PIC,RFID,NLISID,Visual ID,IssueDate,ManufactureDate,Colour,Status
NK509384,940 110035858091,NK509384ASU00231,CHAD 001,08/07/2024,08/07/2024,PURPLE,Unused
NK509384,940 110035858092,NK509384ASU00232,CHAD 002,08/07/2024,08/07/2024,PURPLE,Unused
NK509384,940 110035858093,NK509384ASU00233,CHAD 003,08/07/2024,08/07/2024,PURPLE,Unused
NK509384,940 110035858094,NK509384ASU00234,CHAD 004,08/07/2024,08/07/2024,PURPLE,Unused
NK509384,940 110035858095,NK509384ASU00235,CHAD 005,08/07/2024,08/07/2024,PURPLE,Unused
NK509384,940 110035858096,NK509384ASU00236,CHAD 006,08/07/2024,08/07/2024,PURPLE,Unused
NK509384,940 110035858097,NK509384ASU00237,CHAD 007,08/07/2024,08/07/2024,PURPLE,Unused
NK509384,940 110035858098,NK509384ASU00238,CHAD 008,08/07/2024,08/07/2024,PURPLE,Unused
NK509384,940 110035858099,NK509384ASU00239,CHAD 009,08/07/2024,08/07/2024,PURPLE,Unused
NK509384,940 110035858100,NK509384ASU00240,CHAD 010,08/07/2024,08/07/2024,PURPLE,Unused
NK509384,940 110034457821,NK509384ASU00171,CHAD 001,08/07/2024,08/07/2024,RED,Unused
NK509384,940 110034457822,NK509384ASU00172,CHAD 002,08/07/2024,08/07/2024,RED,Unused
NK509384,940 110034457823,NK509384ASU00173,CHAD 003,08/07/2024,08/07/2024,RED,Unused
NK509384,940 110034457824,NK509384ASU00174,CHAD 004,08/07/2024,08/07/2024,RED,Unused
NK509384,940 110034457825,NK509384ASU00175,CHAD 005,08/07/2024,08/07/2024,RED,Unused
NK509384,940 110034457826,NK509384ASU00176,CHAD 006,08/07/2024,08/07/2024,RED,Unused
NK509384,940 110034457827,NK509384ASU00177,CHAD 007,08/07/2024,08/07/2024,RED,Unused
NK509384,940 110034457828,NK509384ASU00178,CHAD 008,08/07/2024,08/07/2024,RED,Unused
NK509384,940 110034457829,NK509384ASU00179,CHAD 009,08/07/2024,08/07/2024,RED,Unused
NK509384,940 110034457830,NK509384ASU00180,CHAD 010,08/07/2024,08/07/2024,RED,Unused
NK509384,940 110034457831,NK509384ASU00181,CHAD 011,08/07/2024,08/07/2024,RED,Unused
NK509384,940 110034457832,NK509384ASU00182,CHAD 012,08/07/2024,08/07/2024,RED,Unused
NK509384,940 110034457833,NK509384ASU00183,CHAD 013,08/07/2024,08/07/2024,RED,Unused
NK509384,940 110034457834,NK509384ASU00184,CHAD 014,08/07/2024,08/07/2024,RED,Unused
NK509384,940 110034457835,NK509384ASU00185,CHAD 015,08/07/2024,08/07/2024,RED,Unused
NK509384,940 110034457836,NK509384ASU00186,CHAD 016,08/07/2024,08/07/2024,RED,Unused
NK509384,940 110034457837,NK509384ASU00187,CHAD 017,08/07/2024,08/07/2024,RED,Unused
NK509384,940 110034457838,NK509384ASU00188,CHAD 018,08/07/2024,08/07/2024,RED,Unused
NK509384,940 110034457839,NK509384ASU00189,CHAD 019,08/07/2024,08/07/2024,RED,Unused
NK509384,940 110034457840,NK509384ASU00190,CHAD 020,08/07/2024,08/07/2024,RED,Unused
NK509384,940 110035484741,NK509384ASU00151,CHAD 001,08/07/2024,08/07/2024,BLUE,Unused
NK509384,940 110035484742,NK509384ASU00152,CHAD 002,08/07/2024,08/07/2024,BLUE,Unused
NK509384,940 110035484743,NK509384ASU00153,CHAD 003,08/07/2024,08/07/2024,BLUE,Unused
NK509384,940 110035484744,NK509384ASU00154,CHAD 004,08/07/2024,08/07/2024,BLUE,Unused
NK509384,940 110035484745,NK509384ASU00155,CHAD 005,08/07/2024,08/07/2024,BLUE,Unused
NK509384,940 110035484746,NK509384ASU00156,CHAD 006,08/07/2024,08/07/2024,BLUE,Unused
NK509384,940 110035484747,NK509384ASU00157,CHAD 007,08/07/2024,08/07/2024,BLUE,Unused
NK509384,940 110035484748,NK509384ASU00158,CHAD 008,08/07/2024,08/07/2024,BLUE,Unused
NK509384,940 110035484749,NK509384ASU00159,CHAD 009,08/07/2024,08/07/2024,BLUE,Unused
NK509384,940 110035484750,NK509384ASU00160,CHAD 010,08/07/2024,08/07/2024,BLUE,Unused
NK509384,940 110035484731,NK509384ASU00161,CHAD 011,08/07/2024,08/07/2024,BLUE,Unused
NK509384,940 110035484732,NK509384ASU00162,CHAD 012,08/07/2024,08/07/2024,BLUE,Unused
NK509384,940 110035484733,NK509384ASU00163,CHAD 013,08/07/2024,08/07/2024,BLUE,Unused
NK509384,940 110035484734,NK509384ASU00164,CHAD 014,08/07/2024,08/07/2024,BLUE,Unused
NK509384,940 110035484735,NK509384ASU00165,CHAD 015,08/07/2024,08/07/2024,BLUE,Unused
NK509384,940 110035484736,NK509384ASU00166,CHAD 016,08/07/2024,08/07/2024,BLUE,Unused
NK509384,940 110035484737,NK509384ASU00167,CHAD 017,08/07/2024,08/07/2024,BLUE,Unused
NK509384,940 110035484738,NK509384ASU00168,CHAD 018,08/07/2024,08/07/2024,BLUE,Unused
NK509384,940 110035484739,NK509384ASU00169,CHAD 019,08/07/2024,08/07/2024,BLUE,Unused
NK509384,940 110035484740,NK509384ASU00170,CHAD 020,08/07/2024,08/07/2024,BLUE,Unused
NK509384,940 110034353141,NK509384ASU00191,CHAD 001,08/07/2024,08/07/2024,YELLOW,Unused
NK509384,940 110034353142,NK509384ASU00192,CHAD 002,08/07/2024,08/07/2024,YELLOW,Unused
NK509384,940 110034353143,NK509384ASU00193,CHAD 003,08/07/2024,08/07/2024,YELLOW,Unused
NK509384,940 110034353144,NK509384ASU00194,CHAD 004,08/07/2024,08/07/2024,YELLOW,Unused
NK509384,940 110034353145,NK509384ASU00195,CHAD 005,08/07/2024,08/07/2024,YELLOW,Unused
NK509384,940 110034353146,NK509384ASU00196,CHAD 006,08/07/2024,08/07/2024,YELLOW,Unused
NK509384,940 110034353147,NK509384ASU00197,CHAD 007,08/07/2024,08/07/2024,YELLOW,Unused
NK509384,940 110034353148,NK509384ASU00198,CHAD 008,08/07/2024,08/07/2024,YELLOW,Unused
NK509384,940 110034353149,NK509384ASU00199,CHAD 009,08/07/2024,08/07/2024,YELLOW,Unused
NK509384,940 110034353150,NK509384ASU00200,CHAD 010,08/07/2024,08/07/2024,YELLOW,Unused
NK509384,940 110034353131,NK509384ASU00201,CHAD 011,08/07/2024,08/07/2024,YELLOW,Unused
NK509384,940 110034353132,NK509384ASU00202,CHAD 012,08/07/2024,08/07/2024,YELLOW,Unused
NK509384,940 110034353133,NK509384ASU00203,CHAD 013,08/07/2024,08/07/2024,YELLOW,Unused
NK509384,940 110034353134,NK509384ASU00204,CHAD 014,08/07/2024,08/07/2024,YELLOW,Unused
NK509384,940 110034353135,NK509384ASU00205,CHAD 015,08/07/2024,08/07/2024,YELLOW,Unused
NK509384,940 110034353136,NK509384ASU00206,CHAD 016,08/07/2024,08/07/2024,YELLOW,Unused
NK509384,940 110034353137,NK509384ASU00207,CHAD 017,08/07/2024,08/07/2024,YELLOW,Unused
NK509384,940 110034353138,NK509384ASU00208,CHAD 018,08/07/2024,08/07/2024,YELLOW,Unused
NK509384,940 110034353139,NK509384ASU00209,CHAD 019,08/07/2024,08/07/2024,YELLOW,Unused
NK509384,940 110034353140,NK509384ASU00210,CHAD 020,08/07/2024,08/07/2024,YELLOW,Unused
NK509384,940 110034353121,NK509384ASU00211,CHAD 021,08/07/2024,08/07/2024,YELLOW,Unused
NK509384,940 110034353122,NK509384ASU00212,CHAD 022,08/07/2024,08/07/2024,YELLOW,Unused
NK509384,940 110034353123,NK509384ASU00213,CHAD 023,08/07/2024,08/07/2024,YELLOW,Unused
NK509384,940 110034353124,NK509384ASU00214,CHAD 024,08/07/2024,08/07/2024,YELLOW,Unused
NK509384,940 110034353125,NK509384ASU00215,CHAD 025,08/07/2024,08/07/2024,YELLOW,Unused
NK509384,940 110034353126,NK509384ASU00216,CHAD 026,08/07/2024,08/07/2024,YELLOW,Unused
NK509384,940 110034353127,NK509384ASU00217,CHAD 027,08/07/2024,08/07/2024,YELLOW,Unused
NK509384,940 110034353128,NK509384ASU00218,CHAD 028,08/07/2024,08/07/2024,YELLOW,Unused
NK509384,940 110034353129,NK509384ASU00219,CHAD 029,08/07/2024,08/07/2024,YELLOW,Unused
NK509384,940 110034353130,NK509384ASU00220,CHAD 030,08/07/2024,08/07/2024,YELLOW,Unused
NK509384,940 110034353111,NK509384ASU00221,CHAD 031,08/07/2024,08/07/2024,YELLOW,Unused
NK509384,940 110034353112,NK509384ASU00222,CHAD 032,08/07/2024,08/07/2024,YELLOW,Unused
NK509384,940 110034353113,NK509384ASU00223,CHAD 033,08/07/2024,08/07/2024,YELLOW,Unused
NK509384,940 110034353114,NK509384ASU00224,CHAD 034,08/07/2024,08/07/2024,YELLOW,Unused
NK509384,940 110034353115,NK509384ASU00225,CHAD 035,08/07/2024,08/07/2024,YELLOW,Unused
NK509384,940 110034353116,NK509384ASU00226,CHAD 036,08/07/2024,08/07/2024,YELLOW,Unused
NK509384,940 110034353117,NK509384ASU00227,CHAD 037,08/07/2024,08/07/2024,YELLOW,Unused
NK509384,940 110034353118,NK509384ASU00228,CHAD 038,08/07/2024,08/07/2024,YELLOW,Unused
NK509384,940 110034353119,NK509384ASU00229,CHAD 039,08/07/2024,08/07/2024,YELLOW,Unused
NK509384,940 110034353120,NK509384ASU00230,CHAD 040,08/07/2024,08/07/2024,YELLOW,Unused
NK509384,940 110030374791,NK509384ASU00001,CHAD 001,17/11/2023,17/11/2023,BLACK,Unused
NK509384,940 110030374792,NK509384ASU00002,CHAD 002,17/11/2023,17/11/2023,BLACK,Unused
NK509384,940 110030374793,NK509384ASU00003,CHAD 003,17/11/2023,17/11/2023,BLACK,Unused
NK509384,940 110030374794,NK509384ASU00004,CHAD 004,17/11/2023,17/11/2023,BLACK,Unused
NK509384,940 110030374795,NK509384ASU00005,CHAD 005,17/11/2023,17/11/2023,BLACK,Unused
NK509384,940 110030374796,NK509384ASU00006,CHAD 006,17/11/2023,17/11/2023,BLACK,Unused
NK509384,940 110030374797,NK509384ASU00007,CHAD 007,17/11/2023,17/11/2023,BLACK,Unused
NK509384,940 110030374798,NK509384ASU00008,CHAD 008,17/11/2023,17/11/2023,BLACK,Unused
NK509384,940 110030374799,NK509384ASU00009,CHAD 009,17/11/2023,17/11/2023,BLACK,Unused
NK509384,940 110030374800,NK509384ASU00010,CHAD 010,17/11/2023,17/11/2023,BLACK,Unused
NK509384,940 110030374781,NK509384ASU00011,CHAD 011,17/11/2023,17/11/2023,BLACK,Unused
NK509384,940 110030374782,NK509384ASU00012,CHAD 012,17/11/2023,17/11/2023,BLACK,Unused
NK509384,940 110030374783,NK509384ASU00013,CHAD 013,17/11/2023,17/11/2023,BLACK,Unused
NK509384,940 110030374784,NK509384ASU00014,CHAD 014,17/11/2023,17/11/2023,BLACK,Unused
NK509384,940 110030374785,NK509384ASU00015,CHAD 015,17/11/2023,17/11/2023,BLACK,Unused
NK509384,940 110030374786,NK509384ASU00016,CHAD 016,17/11/2023,17/11/2023,BLACK,Unused
NK509384,940 110030374787,NK509384ASU00017,CHAD 017,17/11/2023,17/11/2023,BLACK,Unused
NK509384,940 110030374788,NK509384ASU00018,CHAD 018,17/11/2023,17/11/2023,BLACK,Unused
NK509384,940 110030374789,NK509384ASU00019,CHAD 019,17/11/2023,17/11/2023,BLACK,Unused
NK509384,940 110030374790,NK509384ASU00020,CHAD 020,17/11/2023,17/11/2023,BLACK,Unused
NK509384,940 110030374771,NK509384ASU00021,CHAD 021,17/11/2023,17/11/2023,BLACK,Unused
NK509384,940 110030374772,NK509384ASU00022,CHAD 022,17/11/2023,17/11/2023,BLACK,Unused
NK509384,940 110030374773,NK509384ASU00023,CHAD 023,17/11/2023,17/11/2023,BLACK,Unused
NK509384,940 110030374774,NK509384ASU00024,CHAD 024,17/11/2023,17/11/2023,BLACK,Unused
NK509384,940 110030374775,NK509384ASU00025,CHAD 025,17/11/2023,17/11/2023,BLACK,Unused
NK509384,940 110030374776,NK509384ASU00026,CHAD 026,17/11/2023,17/11/2023,BLACK,Unused
NK509384,940 110030374777,NK509384ASU00027,CHAD 027,17/11/2023,17/11/2023,BLACK,Unused
NK509384,940 110030374778,NK509384ASU00028,CHAD 028,17/11/2023,17/11/2023,BLACK,Unused
NK509384,940 110030374779,NK509384ASU00029,CHAD 029,17/11/2023,17/11/2023,BLACK,Unused
NK509384,940 110030374780,NK509384ASU00030,CHAD 030,17/11/2023,17/11/2023,BLACK,Unused
NK509384,940 110030374761,NK509384ASU00031,CHAD 031,17/11/2023,17/11/2023,BLACK,Unused
NK509384,940 110030374762,NK509384ASU00032,CHAD 032,17/11/2023,17/11/2023,BLACK,Unused
NK509384,940 110030374763,NK509384ASU00033,CHAD 033,17/11/2023,17/11/2023,BLACK,Unused
NK509384,940 110030374764,NK509384ASU00034,CHAD 034,17/11/2023,17/11/2023,BLACK,Unused
NK509384,940 110030374765,NK509384ASU00035,CHAD 035,17/11/2023,17/11/2023,BLACK,Unused
NK509384,940 110030374766,NK509384ASU00036,CHAD 036,17/11/2023,17/11/2023,BLACK,Unused
NK509384,940 110030374767,NK509384ASU00037,CHAD 037,17/11/2023,17/11/2023,BLACK,Unused
NK509384,940 110030374768,NK509384ASU00038,CHAD 038,17/11/2023,17/11/2023,BLACK,Unused
NK509384,940 110030374769,NK509384ASU00039,CHAD 039,17/11/2023,17/11/2023,BLACK,Unused
NK509384,940 110030374770,NK509384ASU00040,CHAD 040,17/11/2023,17/11/2023,BLACK,Unused
NK509384,940 110030374751,NK509384ASU00041,CHAD 041,17/11/2023,17/11/2023,BLACK,Unused
NK509384,940 110030374752,NK509384ASU00042,CHAD 042,17/11/2023,17/11/2023,BLACK,Unused
NK509384,940 110030374753,NK509384ASU00043,CHAD 043,17/11/2023,17/11/2023,BLACK,Unused
NK509384,940 110030374754,NK509384ASU00044,CHAD 044,17/11/2023,17/11/2023,BLACK,Unused
NK509384,940 110030374755,NK509384ASU00045,CHAD 045,17/11/2023,17/11/2023,BLACK,Unused
NK509384,940 110030374756,NK509384ASU00046,CHAD 046,17/11/2023,17/11/2023,BLACK,Unused
NK509384,940 110030374757,NK509384ASU00047,CHAD 047,17/11/2023,17/11/2023,BLACK,Unused
NK509384,940 110030374758,NK509384ASU00048,CHAD 048,17/11/2023,17/11/2023,BLACK,Unused
NK509384,940 110030374759,NK509384ASU00049,CHAD 049,17/11/2023,17/11/2023,BLACK,Unused
NK509384,940 110030374760,NK509384ASU00050,CHAD 050,17/11/2023,17/11/2023,BLACK,Unused
NK509384,940 110030374741,NK509384ASU00051,CHAD 051,17/11/2023,17/11/2023,BLACK,Unused
NK509384,940 110030374742,NK509384ASU00052,CHAD 052,17/11/2023,17/11/2023,BLACK,Unused
NK509384,940 110030374743,NK509384ASU00053,CHAD 053,17/11/2023,17/11/2023,BLACK,Unused
NK509384,940 110030374744,NK509384ASU00054,CHAD 054,17/11/2023,17/11/2023,BLACK,Unused
NK509384,940 110030374745,NK509384ASU00055,CHAD 055,17/11/2023,17/11/2023,BLACK,Unused
NK509384,940 110030374746,NK509384ASU00056,CHAD 056,17/11/2023,17/11/2023,BLACK,Unused
NK509384,940 110030374747,NK509384ASU00057,CHAD 057,17/11/2023,17/11/2023,BLACK,Unused
NK509384,940 110030374748,NK509384ASU00058,CHAD 058,17/11/2023,17/11/2023,BLACK,Unused
NK509384,940 110030374749,NK509384ASU00059,CHAD 059,17/11/2023,17/11/2023,BLACK,Unused
NK509384,940 110030374750,NK509384ASU00060,CHAD 060,17/11/2023,17/11/2023,BLACK,Unused
NK509384,940 110030374731,NK509384ASU00061,CHAD 061,17/11/2023,17/11/2023,BLACK,Unused
NK509384,940 110030374732,NK509384ASU00062,CHAD 062,17/11/2023,17/11/2023,BLACK,Unused
NK509384,940 110030374733,NK509384ASU00063,CHAD 063,17/11/2023,17/11/2023,BLACK,Unused
NK509384,940 110030374734,NK509384ASU00064,CHAD 064,17/11/2023,17/11/2023,BLACK,Unused
NK509384,940 110030374735,NK509384ASU00065,CHAD 065,17/11/2023,17/11/2023,BLACK,Unused
NK509384,940 110030374736,NK509384ASU00066,CHAD 066,17/11/2023,17/11/2023,BLACK,Unused
NK509384,940 110030374737,NK509384ASU00067,CHAD 067,17/11/2023,17/11/2023,BLACK,Unused
NK509384,940 110030374738,NK509384ASU00068,CHAD 068,17/11/2023,17/11/2023,BLACK,Unused
NK509384,940 110030374739,NK509384ASU00069,CHAD 069,17/11/2023,17/11/2023,BLACK,Unused
NK509384,940 110030374740,NK509384ASU00070,CHAD 070,17/11/2023,17/11/2023,BLACK,Unused
NK509384,940 110030374721,NK509384ASU00071,CHAD 071,17/11/2023,17/11/2023,BLACK,Unused
NK509384,940 110030374722,NK509384ASU00072,CHAD 072,17/11/2023,17/11/2023,BLACK,Unused
NK509384,940 110030374723,NK509384ASU00073,CHAD 073,17/11/2023,17/11/2023,BLACK,Unused
NK509384,940 110030374724,NK509384ASU00074,CHAD 074,17/11/2023,17/11/2023,BLACK,Unused
NK509384,940 110030374725,NK509384ASU00075,CHAD 075,17/11/2023,17/11/2023,BLACK,Unused
NK509384,940 110030374726,NK509384ASU00076,CHAD 076,17/11/2023,17/11/2023,BLACK,Unused
NK509384,940 110030374727,NK509384ASU00077,CHAD 077,17/11/2023,17/11/2023,BLACK,Unused
NK509384,940 110030374728,NK509384ASU00078,CHAD 078,17/11/2023,17/11/2023,BLACK,Unused
NK509384,940 110030374729,NK509384ASU00079,CHAD 079,17/11/2023,17/11/2023,BLACK,Unused
NK509384,940 110030374730,NK509384ASU00080,CHAD 080,17/11/2023,17/11/2023,BLACK,Unused
NK509384,940 110030374291,NK509384ASU00081,CHAD 081,17/11/2023,17/11/2023,BLACK,Unused
NK509384,940 110030374292,NK509384ASU00082,CHAD 082,17/11/2023,17/11/2023,BLACK,Unused
NK509384,940 110030374293,NK509384ASU00083,CHAD 083,17/11/2023,17/11/2023,BLACK,Unused
NK509384,940 110030374294,NK509384ASU00084,CHAD 084,17/11/2023,17/11/2023,BLACK,Unused
NK509384,940 110030374295,NK509384ASU00085,CHAD 085,17/11/2023,17/11/2023,BLACK,Unused
NK509384,940 110030374296,NK509384ASU00086,CHAD 086,17/11/2023,17/11/2023,BLACK,Unused
NK509384,940 110030374297,NK509384ASU00087,CHAD 087,17/11/2023,17/11/2023,BLACK,Unused
NK509384,940 110030374298,NK509384ASU00088,CHAD 088,17/11/2023,17/11/2023,BLACK,Unused
NK509384,940 110030374299,NK509384ASU00089,CHAD 089,17/11/2023,17/11/2023,BLACK,Unused
NK509384,940 110030374300,NK509384ASU00090,CHAD 090,17/11/2023,17/11/2023,BLACK,Unused
NK509384,940 110030374711,NK509384ASU00091,CHAD 091,17/11/2023,17/11/2023,BLACK,Unused
NK509384,940 110030374712,NK509384ASU00092,CHAD 092,17/11/2023,17/11/2023,BLACK,Unused
NK509384,940 110030374713,NK509384ASU00093,CHAD 093,17/11/2023,17/11/2023,BLACK,Unused
NK509384,940 110030374714,NK509384ASU00094,CHAD 094,17/11/2023,17/11/2023,BLACK,Unused
NK509384,940 110030374715,NK509384ASU00095,CHAD 095,17/11/2023,17/11/2023,BLACK,Unused
NK509384,940 110030374716,NK509384ASU00096,CHAD 096,17/11/2023,17/11/2023,BLACK,Unused
NK509384,940 110030374717,NK509384ASU00097,CHAD 097,17/11/2023,17/11/2023,BLACK,Unused
NK509384,940 110030374718,NK509384ASU00098,CHAD 098,17/11/2023,17/11/2023,BLACK,Unused
NK509384,940 110030374719,NK509384ASU00099,CHAD 099,17/11/2023,17/11/2023,BLACK,Unused
NK509384,940 110030374720,NK509384ASU00100,CHAD 100,17/11/2023,17/11/2023,BLACK,Unused
NK509384,940 110030374701,NK509384ASU00101,CHAD 101,17/11/2023,17/11/2023,BLACK,Unused
NK509384,940 110030374702,NK509384ASU00102,CHAD 102,17/11/2023,17/11/2023,BLACK,Unused
NK509384,940 110030374703,NK509384ASU00103,CHAD 103,17/11/2023,17/11/2023,BLACK,Unused
NK509384,940 110030374704,NK509384ASU00104,CHAD 104,17/11/2023,17/11/2023,BLACK,Unused
NK509384,940 110030374705,NK509384ASU00105,CHAD 105,17/11/2023,17/11/2023,BLACK,Unused
NK509384,940 110030374706,NK509384ASU00106,CHAD 106,17/11/2023,17/11/2023,BLACK,Unused
NK509384,940 110030374707,NK509384ASU00107,CHAD 107,17/11/2023,17/11/2023,BLACK,Unused
NK509384,940 110030374708,NK509384ASU00108,CHAD 108,17/11/2023,17/11/2023,BLACK,Unused
NK509384,940 110030374709,NK509384ASU00109,CHAD 109,17/11/2023,17/11/2023,BLACK,Unused
NK509384,940 110030374710,NK509384ASU00110,CHAD 110,17/11/2023,17/11/2023,BLACK,Unused
NK509384,940 110030374281,NK509384ASU00111,CHAD 111,17/11/2023,17/11/2023,BLACK,Unused
NK509384,940 110030374282,NK509384ASU00112,CHAD 112,17/11/2023,17/11/2023,BLACK,Unused
NK509384,940 110030374283,NK509384ASU00113,CHAD 113,17/11/2023,17/11/2023,BLACK,Unused
NK509384,940 110030374284,NK509384ASU00114,CHAD 114,17/11/2023,17/11/2023,BLACK,Unused
NK509384,940 110030374285,NK509384ASU00115,CHAD 115,17/11/2023,17/11/2023,BLACK,Unused
NK509384,940 110030374286,NK509384ASU00116,CHAD 116,17/11/2023,17/11/2023,BLACK,Unused
NK509384,940 110030374287,NK509384ASU00117,CHAD 117,17/11/2023,17/11/2023,BLACK,Unused
NK509384,940 110030374288,NK509384ASU00118,CHAD 118,17/11/2023,17/11/2023,BLACK,Unused
NK509384,940 110030374289,NK509384ASU00119,CHAD 119,17/11/2023,17/11/2023,BLACK,Unused
NK509384,940 110030374290,NK509384ASU00120,CHAD 120,17/11/2023,17/11/2023,BLACK,Unused
NK509384,940 110030374271,NK509384ASU00121,CHAD 121,17/11/2023,17/11/2023,BLACK,Unused
NK509384,940 110030374272,NK509384ASU00122,CHAD 122,17/11/2023,17/11/2023,BLACK,Unused
NK509384,940 110030374273,NK509384ASU00123,CHAD 123,17/11/2023,17/11/2023,BLACK,Unused
NK509384,940 110030374274,NK509384ASU00124,CHAD 124,17/11/2023,17/11/2023,BLACK,Unused
NK509384,940 110030374275,NK509384ASU00125,CHAD 125,17/11/2023,17/11/2023,BLACK,Unused
NK509384,940 110030374276,NK509384ASU00126,CHAD 126,17/11/2023,17/11/2023,BLACK,Unused
NK509384,940 110030374277,NK509384ASU00127,CHAD 127,17/11/2023,17/11/2023,BLACK,Unused
NK509384,940 110030374278,NK509384ASU00128,CHAD 128,17/11/2023,17/11/2023,BLACK,Unused
NK509384,940 110030374279,NK509384ASU00129,CHAD 129,17/11/2023,17/11/2023,BLACK,Unused
NK509384,940 110030374280,NK509384ASU00130,CHAD 130,17/11/2023,17/11/2023,BLACK,Unused
NK509384,940 110030374261,NK509384ASU00131,CHAD 131,17/11/2023,17/11/2023,BLACK,Unused
NK509384,940 110030374262,NK509384ASU00132,CHAD 132,17/11/2023,17/11/2023,BLACK,Unused
NK509384,940 110030374263,NK509384ASU00133,CHAD 133,17/11/2023,17/11/2023,BLACK,Unused
NK509384,940 110030374264,NK509384ASU00134,CHAD 134,17/11/2023,17/11/2023,BLACK,Unused
NK509384,940 110030374265,NK509384ASU00135,CHAD 135,17/11/2023,17/11/2023,BLACK,Unused
NK509384,940 110030374266,NK509384ASU00136,CHAD 136,17/11/2023,17/11/2023,BLACK,Unused
NK509384,940 110030374267,NK509384ASU00137,CHAD 137,17/11/2023,17/11/2023,BLACK,Unused
NK509384,940 110030374268,NK509384ASU00138,CHAD 138,17/11/2023,17/11/2023,BLACK,Unused
NK509384,940 110030374269,NK509384ASU00139,CHAD 139,17/11/2023,17/11/2023,BLACK,Unused
NK509384,940 110030374270,NK509384ASU00140,CHAD 140,17/11/2023,17/11/2023,BLACK,Unused
NK509384,940 110030374251,NK509384ASU00141,CHAD 141,17/11/2023,17/11/2023,BLACK,Unused
NK509384,940 110030374252,NK509384ASU00142,CHAD 142,17/11/2023,17/11/2023,BLACK,Unused
NK509384,940 110030374253,NK509384ASU00143,CHAD 143,17/11/2023,17/11/2023,BLACK,Unused
NK509384,940 110030374254,NK509384ASU00144,CHAD 144,17/11/2023,17/11/2023,BLACK,Unused
NK509384,940 110030374255,NK509384ASU00145,CHAD 145,17/11/2023,17/11/2023,BLACK,Unused
NK509384,940 110030374256,NK509384ASU00146,CHAD 146,17/11/2023,17/11/2023,BLACK,Unused
NK509384,940 110030374257,NK509384ASU00147,CHAD 147,17/11/2023,17/11/2023,BLACK,Unused
NK509384,940 110030374258,NK509384ASU00148,CHAD 148,17/11/2023,17/11/2023,BLACK,Unused
NK509384,940 110030374259,NK509384ASU00149,CHAD 149,17/11/2023,17/11/2023,BLACK,Unused
NK509384,940 110030374260,NK509384ASU00150,CHAD 150,17/11/2023,17/11/2023,BLACK,Unused
NK509384,940 110041350111,NK509384ASW00241,CHAD 021,04/03/2025,04/03/2025,WHITE,Unused
NK509384,940 110041350112,NK509384ASW00242,CHAD 022,04/03/2025,04/03/2025,WHITE,Unused
NK509384,940 110041350113,NK509384ASW00243,CHAD 023,04/03/2025,04/03/2025,WHITE,Unused
NK509384,940 110041350114,NK509384ASW00244,CHAD 024,04/03/2025,04/03/2025,WHITE,Unused
NK509384,940 110041350115,NK509384ASW00245,CHAD 025,04/03/2025,04/03/2025,WHITE,Unused
NK509384,940 110041350116,NK509384ASW00246,CHAD 026,04/03/2025,04/03/2025,WHITE,Unused
NK509384,940 110041350117,NK509384ASW00247,CHAD 027,04/03/2025,04/03/2025,WHITE,Unused
NK509384,940 110041350118,NK509384ASW00248,CHAD 028,04/03/2025,04/03/2025,WHITE,Unused
NK509384,940 110041350119,NK509384ASW00249,CHAD 029,04/03/2025,04/03/2025,WHITE,Unused
NK509384,940 110041350120,NK509384ASW00250,CHAD 030,04/03/2025,04/03/2025,WHITE,Unused
NK509384,940 110041350121,NK509384ASW00251,CHAD 031,04/03/2025,04/03/2025,WHITE,Unused
NK509384,940 110041350122,NK509384ASW00252,CHAD 032,04/03/2025,04/03/2025,WHITE,Unused
NK509384,940 110041350123,NK509384ASW00253,CHAD 033,04/03/2025,04/03/2025,WHITE,Unused
NK509384,940 110041350124,NK509384ASW00254,CHAD 034,04/03/2025,04/03/2025,WHITE,Unused
NK509384,940 110041350125,NK509384ASW00255,CHAD 035,04/03/2025,04/03/2025,WHITE,Unused
NK509384,940 110041350126,NK509384ASW00256,CHAD 036,04/03/2025,04/03/2025,WHITE,Unused
NK509384,940 110041350127,NK509384ASW00257,CHAD 037,04/03/2025,04/03/2025,WHITE,Unused
NK509384,940 110041350128,NK509384ASW00258,CHAD 038,04/03/2025,04/03/2025,WHITE,Unused
NK509384,940 110041350129,NK509384ASW00259,CHAD 039,04/03/2025,04/03/2025,WHITE,Unused
NK509384,940 110041350130,NK509384ASW00260,CHAD 040,04/03/2025,04/03/2025,WHITE,Unused
NK509384,940 110041350131,NK509384ASW00261,CHAD 041,04/03/2025,04/03/2025,WHITE,Unused
NK509384,940 110041350132,NK509384ASW00262,CHAD 042,04/03/2025,04/03/2025,WHITE,Unused
NK509384,940 110041350133,NK509384ASW00263,CHAD 043,04/03/2025,04/03/2025,WHITE,Unused
NK509384,940 110041350134,NK509384ASW00264,CHAD 044,04/03/2025,04/03/2025,WHITE,Unused
NK509384,940 110041350135,NK509384ASW00265,CHAD 045,04/03/2025,04/03/2025,WHITE,Unused
NK509384,940 110041350136,NK509384ASW00266,CHAD 046,04/03/2025,04/03/2025,WHITE,Unused
NK509384,940 110041350137,NK509384ASW00267,CHAD 047,04/03/2025,04/03/2025,WHITE,Unused
NK509384,940 110041350138,NK509384ASW00268,CHAD 048,04/03/2025,04/03/2025,WHITE,Unused
NK509384,940 110041350139,NK509384ASW00269,CHAD 049,04/03/2025,04/03/2025,WHITE,Unused
NK509384,940 110041350140,NK509384ASW00270,CHAD 050,04/03/2025,04/03/2025,WHITE,Unused
NK509384,940 110041350141,NK509384ASW00271,CHAD 051,04/03/2025,04/03/2025,WHITE,Unused
NK509384,940 110041350142,NK509384ASW00272,CHAD 052,04/03/2025,04/03/2025,WHITE,Unused
NK509384,940 110041350143,NK509384ASW00273,CHAD 053,04/03/2025,04/03/2025,WHITE,Unused
NK509384,940 110041350144,NK509384ASW00274,CHAD 054,04/03/2025,04/03/2025,WHITE,Unused
NK509384,940 110041350145,NK509384ASW00275,CHAD 055,04/03/2025,04/03/2025,WHITE,Unused
NK509384,940 110041350146,NK509384ASW00276,CHAD 056,04/03/2025,04/03/2025,WHITE,Unused
NK509384,940 110041350147,NK509384ASW00277,CHAD 057,04/03/2025,04/03/2025,WHITE,Unused
NK509384,940 110041350148,NK509384ASW00278,CHAD 058,04/03/2025,04/03/2025,WHITE,Unused
NK509384,940 110041350149,NK509384ASW00279,CHAD 059,04/03/2025,04/03/2025,WHITE,Unused
NK509384,940 110041350150,NK509384ASW00280,CHAD 060,04/03/2025,04/03/2025,WHITE,Unused
NK509384,940 110041327871,NK509384ASW00281,CHAD 061,04/03/2025,04/03/2025,WHITE,Unused
NK509384,940 110041327872,NK509384ASW00282,CHAD 062,04/03/2025,04/03/2025,WHITE,Unused
NK509384,940 110041327873,NK509384ASW00283,CHAD 063,04/03/2025,04/03/2025,WHITE,Unused
NK509384,940 110041327874,NK509384ASW00284,CHAD 064,04/03/2025,04/03/2025,WHITE,Unused
NK509384,940 110041327875,NK509384ASW00285,CHAD 065,04/03/2025,04/03/2025,WHITE,Unused
NK509384,940 110041327876,NK509384ASW00286,CHAD 066,04/03/2025,04/03/2025,WHITE,Unused
NK509384,940 110041327877,NK509384ASW00287,CHAD 067,04/03/2025,04/03/2025,WHITE,Unused
NK509384,940 110041327878,NK509384ASW00288,CHAD 068,04/03/2025,04/03/2025,WHITE,Unused
NK509384,940 110041327879,NK509384ASW00289,CHAD 069,04/03/2025,04/03/2025,WHITE,Unused
NK509384,940 110041327880,NK509384ASW00290,CHAD 070,04/03/2025,04/03/2025,WHITE,Unused
NK509384,940 110041350471,NK509384ASW00291,CHAD 071,04/03/2025,04/03/2025,WHITE,Unused
NK509384,940 110041350472,NK509384ASW00292,CHAD 072,04/03/2025,04/03/2025,WHITE,Unused
NK509384,940 110041350473,NK509384ASW00293,CHAD 073,04/03/2025,04/03/2025,WHITE,Unused
NK509384,940 110041350474,NK509384ASW00294,CHAD 074,04/03/2025,04/03/2025,WHITE,Unused
NK509384,940 110041350475,NK509384ASW00295,CHAD 075,04/03/2025,04/03/2025,WHITE,Unused
NK509384,940 110041350476,NK509384ASW00296,CHAD 076,04/03/2025,04/03/2025,WHITE,Unused
NK509384,940 110041350477,NK509384ASW00297,CHAD 077,04/03/2025,04/03/2025,WHITE,Unused
NK509384,940 110041350478,NK509384ASW00298,CHAD 078,04/03/2025,04/03/2025,WHITE,Unused
NK509384,940 110041350479,NK509384ASW00299,CHAD 079,04/03/2025,04/03/2025,WHITE,Unused
NK509384,940 110041350480,NK509384ASW00300,CHAD 080,04/03/2025,04/03/2025,WHITE,Unused
NK509384,940 110041350461,NK509384ASW00301,CHAD 081,04/03/2025,04/03/2025,WHITE,Unused
NK509384,940 110041350462,NK509384ASW00302,CHAD 082,04/03/2025,04/03/2025,WHITE,Unused
NK509384,940 110041350463,NK509384ASW00303,CHAD 083,04/03/2025,04/03/2025,WHITE,Unused
NK509384,940 110041350464,NK509384ASW00304,CHAD 084,04/03/2025,04/03/2025,WHITE,Unused
NK509384,940 110041350465,NK509384ASW00305,CHAD 085,04/03/2025,04/03/2025,WHITE,Unused
NK509384,940 110041350466,NK509384ASW00306,CHAD 086,04/03/2025,04/03/2025,WHITE,Unused
NK509384,940 110041350467,NK509384ASW00307,CHAD 087,04/03/2025,04/03/2025,WHITE,Unused
NK509384,940 110041350468,NK509384ASW00308,CHAD 088,04/03/2025,04/03/2025,WHITE,Unused
NK509384,940 110041350469,NK509384ASW00309,CHAD 089,04/03/2025,04/03/2025,WHITE,Unused
NK509384,940 110041350470,NK509384ASW00310,CHAD 090,04/03/2025,04/03/2025,WHITE,Unused
NK509384,940 110041350451,NK509384ASW00311,CHAD 091,04/03/2025,04/03/2025,WHITE,Unused
NK509384,940 110041350452,NK509384ASW00312,CHAD 092,04/03/2025,04/03/2025,WHITE,Unused
NK509384,940 110041350453,NK509384ASW00313,CHAD 093,04/03/2025,04/03/2025,WHITE,Unused
NK509384,940 110041350454,NK509384ASW00314,CHAD 094,04/03/2025,04/03/2025,WHITE,Unused
NK509384,940 110041350455,NK509384ASW00315,CHAD 095,04/03/2025,04/03/2025,WHITE,Unused
NK509384,940 110041350456,NK509384ASW00316,CHAD 096,04/03/2025,04/03/2025,WHITE,Unused
NK509384,940 110041350457,NK509384ASW00317,CHAD 097,04/03/2025,04/03/2025,WHITE,Unused
NK509384,940 110041350458,NK509384ASW00318,CHAD 098,04/03/2025,04/03/2025,WHITE,Unused
NK509384,940 110041350459,NK509384ASW00319,CHAD 099,04/03/2025,04/03/2025,WHITE,Unused
NK509384,940 110041350460,NK509384ASW00320,CHAD 100,04/03/2025,04/03/2025,WHITE,Unused
NK509384,940 110041350441,NK509384ASW00321,CHAD 101,04/03/2025,04/03/2025,WHITE,Unused
NK509384,940 110041350442,NK509384ASW00322,CHAD 102,04/03/2025,04/03/2025,WHITE,Unused
NK509384,940 110041350443,NK509384ASW00323,CHAD 103,04/03/2025,04/03/2025,WHITE,Unused
NK509384,940 110041350444,NK509384ASW00324,CHAD 104,04/03/2025,04/03/2025,WHITE,Unused
NK509384,940 110041350445,NK509384ASW00325,CHAD 105,04/03/2025,04/03/2025,WHITE,Unused
NK509384,940 110041350446,NK509384ASW00326,CHAD 106,04/03/2025,04/03/2025,WHITE,Unused
NK509384,940 110041350447,NK509384ASW00327,CHAD 107,04/03/2025,04/03/2025,WHITE,Unused
NK509384,940 110041350448,NK509384ASW00328,CHAD 108,04/03/2025,04/03/2025,WHITE,Unused
NK509384,940 110041350449,NK509384ASW00329,CHAD 109,04/03/2025,04/03/2025,WHITE,Unused
NK509384,940 110041350450,NK509384ASW00330,CHAD 110,04/03/2025,04/03/2025,WHITE,Unused
NK509384,940 110041350431,NK509384ASW00331,CHAD 111,04/03/2025,04/03/2025,WHITE,Unused
NK509384,940 110041350432,NK509384ASW00332,CHAD 112,04/03/2025,04/03/2025,WHITE,Unused
NK509384,940 110041350433,NK509384ASW00333,CHAD 113,04/03/2025,04/03/2025,WHITE,Unused
NK509384,940 110041350434,NK509384ASW00334,CHAD 114,04/03/2025,04/03/2025,WHITE,Unused
NK509384,940 110041350435,NK509384ASW00335,CHAD 115,04/03/2025,04/03/2025,WHITE,Unused
NK509384,940 110041350436,NK509384ASW00336,CHAD 116,04/03/2025,04/03/2025,WHITE,Unused
NK509384,940 110041350437,NK509384ASW00337,CHAD 117,04/03/2025,04/03/2025,WHITE,Unused
NK509384,940 110041350438,NK509384ASW00338,CHAD 118,04/03/2025,04/03/2025,WHITE,Unused
NK509384,940 110041350439,NK509384ASW00339,CHAD 119,04/03/2025,04/03/2025,WHITE,Unused
NK509384,940 110041350440,NK509384ASW00340,CHAD 120,04/03/2025,04/03/2025,WHITE,Unused
NK509384,940 110041350421,NK509384ASW00341,CHAD 121,04/03/2025,04/03/2025,WHITE,Unused
NK509384,940 110041350422,NK509384ASW00342,CHAD 122,04/03/2025,04/03/2025,WHITE,Unused
NK509384,940 110041350423,NK509384ASW00343,CHAD 123,04/03/2025,04/03/2025,WHITE,Unused
NK509384,940 110041350424,NK509384ASW00344,CHAD 124,04/03/2025,04/03/2025,WHITE,Unused
NK509384,940 110041350425,NK509384ASW00345,CHAD 125,04/03/2025,04/03/2025,WHITE,Unused
NK509384,940 110041350426,NK509384ASW00346,CHAD 126,04/03/2025,04/03/2025,WHITE,Unused
NK509384,940 110041350427,NK509384ASW00347,CHAD 127,04/03/2025,04/03/2025,WHITE,Unused
NK509384,940 110041350428,NK509384ASW00348,CHAD 128,04/03/2025,04/03/2025,WHITE,Unused
NK509384,940 110041350429,NK509384ASW00349,CHAD 129,04/03/2025,04/03/2025,WHITE,Unused
NK509384,940 110041350430,NK509384ASW00350,CHAD 130,04/03/2025,04/03/2025,WHITE,Unused
NK509384,940 110041350411,NK509384ASW00351,CHAD 131,04/03/2025,04/03/2025,WHITE,Unused
NK509384,940 110041350412,NK509384ASW00352,CHAD 132,04/03/2025,04/03/2025,WHITE,Unused
NK509384,940 110041350413,NK509384ASW00353,CHAD 133,04/03/2025,04/03/2025,WHITE,Unused
NK509384,940 110041350414,NK509384ASW00354,CHAD 134,04/03/2025,04/03/2025,WHITE,Unused
NK509384,940 110041350415,NK509384ASW00355,CHAD 135,04/03/2025,04/03/2025,WHITE,Unused
NK509384,940 110041350416,NK509384ASW00356,CHAD 136,04/03/2025,04/03/2025,WHITE,Unused
NK509384,940 110041350417,NK509384ASW00357,CHAD 137,04/03/2025,04/03/2025,WHITE,Unused
NK509384,940 110041350418,NK509384ASW00358,CHAD 138,04/03/2025,04/03/2025,WHITE,Unused
NK509384,940 110041350419,NK509384ASW00359,CHAD 139,04/03/2025,04/03/2025,WHITE,Unused
NK509384,940 110041350420,NK509384ASW00360,CHAD 140,04/03/2025,04/03/2025,WHITE,Unused
NK509384,940 110041350401,NK509384ASW00361,CHAD 141,04/03/2025,04/03/2025,WHITE,Unused
NK509384,940 110041350402,NK509384ASW00362,CHAD 142,04/03/2025,04/03/2025,WHITE,Unused
NK509384,940 110041350403,NK509384ASW00363,CHAD 143,04/03/2025,04/03/2025,WHITE,Unused
NK509384,940 110041350404,NK509384ASW00364,CHAD 144,04/03/2025,04/03/2025,WHITE,Unused
NK509384,940 110041350405,NK509384ASW00365,CHAD 145,04/03/2025,04/03/2025,WHITE,Unused
NK509384,940 110041350406,NK509384ASW00366,CHAD 146,04/03/2025,04/03/2025,WHITE,Unused
NK509384,940 110041350407,NK509384ASW00367,CHAD 147,04/03/2025,04/03/2025,WHITE,Unused
NK509384,940 110041350408,NK509384ASW00368,CHAD 148,04/03/2025,04/03/2025,WHITE,Unused
NK509384,940 110041350409,NK509384ASW00369,CHAD 149,04/03/2025,04/03/2025,WHITE,Unused
NK509384,940 110041350410,NK509384ASW00370,CHAD 150,04/03/2025,04/03/2025,WHITE,Unused
NK509384,940 110041350391,NK509384ASW00371,CHAD 151,04/03/2025,04/03/2025,WHITE,Unused
NK509384,940 110041350392,NK509384ASW00372,CHAD 152,04/03/2025,04/03/2025,WHITE,Unused
NK509384,940 110041350393,NK509384ASW00373,CHAD 153,04/03/2025,04/03/2025,WHITE,Unused
NK509384,940 110041350394,NK509384ASW00374,CHAD 154,04/03/2025,04/03/2025,WHITE,Unused
NK509384,940 110041350395,NK509384ASW00375,CHAD 155,04/03/2025,04/03/2025,WHITE,Unused
NK509384,940 110041350396,NK509384ASW00376,CHAD 156,04/03/2025,04/03/2025,WHITE,Unused
NK509384,940 110041350397,NK509384ASW00377,CHAD 157,04/03/2025,04/03/2025,WHITE,Unused
NK509384,940 110041350398,NK509384ASW00378,CHAD 158,04/03/2025,04/03/2025,WHITE,Unused
NK509384,940 110041350399,NK509384ASW00379,CHAD 159,04/03/2025,04/03/2025,WHITE,Unused
NK509384,940 110041350400,NK509384ASW00380,CHAD 160,04/03/2025,04/03/2025,WHITE,Unused
NK509384,940 110041350381,NK509384ASW00381,CHAD 161,04/03/2025,04/03/2025,WHITE,Unused
NK509384,940 110041350382,NK509384ASW00382,CHAD 162,04/03/2025,04/03/2025,WHITE,Unused
NK509384,940 110041350383,NK509384ASW00383,CHAD 163,04/03/2025,04/03/2025,WHITE,Unused
NK509384,940 110041350384,NK509384ASW00384,CHAD 164,04/03/2025,04/03/2025,WHITE,Unused
NK509384,940 110041350385,NK509384ASW00385,CHAD 165,04/03/2025,04/03/2025,WHITE,Unused
NK509384,940 110041350386,NK509384ASW00386,CHAD 166,04/03/2025,04/03/2025,WHITE,Unused
NK509384,940 110041350387,NK509384ASW00387,CHAD 167,04/03/2025,04/03/2025,WHITE,Unused
NK509384,940 110041350388,NK509384ASW00388,CHAD 168,04/03/2025,04/03/2025,WHITE,Unused
NK509384,940 110041350389,NK509384ASW00389,CHAD 169,04/03/2025,04/03/2025,WHITE,Unused
NK509384,940 110041350390,NK509384ASW00390,CHAD 170,04/03/2025,04/03/2025,WHITE,Unused